sentence,class
I implore you to retrieve identifiers.,find_indentifiers
Could you kindly locate the identifiers?,find_indentifiers
I humbly request that you find the identifiers.,find_indentifiers
It is my earnest wish that you discover the identifiers.,find_indentifiers
I beseech you to procure the identifiers.,find_indentifiers
May I request that you search for the identifiers?,find_indentifiers
It is imperative that you unearth the identifiers.,find_indentifiers
Would you be so kind as to locate the identifiers?,find_indentifiers
It is of the utmost importance that you retrieve the identifiers.,find_indentifiers
I entreat you to find the identifiers.,find_indentifiers
I urge you to locate the identifiers as quickly as possible.,find_indentifiers
Please endeavor to find the identifiers.,find_indentifiers
It is my fervent desire that you find the identifiers.,find_indentifiers
I beseech you to procure the necessary identifiers.,find_indentifiers
I urge you to swiftly retrieve the identifiers.,find_indentifiers
May I ask you to kindly locate the identifiers?,find_indentifiers
It is imperative that you find the identifiers promptly.,find_indentifiers
I plead with you to locate the identifiers.,find_indentifiers
Please make it your priority to retrieve the identifiers.,find_indentifiers
I request that you find the identifiers with all due haste.,find_indentifiers
I earnestly implore you to locate the identifiers.,find_indentifiers
It is my sincere hope that you will find the identifiers.,find_indentifiers
I implore you to make every effort to locate the identifiers.,find_indentifiers
Could you please search for the necessary identifiers?,find_indentifiers
I plead with you to make it your mission to locate the identifiers.,find_indentifiers
I urge you to find the required identifiers as soon as possible.,find_indentifiers
I humbly request that you procure the necessary identifiers.,find_indentifiers
I beseech you to find the identifiers without delay.,find_indentifiers
Please make it your top priority to retrieve the necessary identifiers.,find_indentifiers
I implore you to find the identifiers as soon as possible.,find_indentifiers
It is of the utmost importance that you find the necessary identifiers.,find_indentifiers
I request that you locate the identifiers with great urgency.,find_indentifiers
I urge you to make every effort to find the identifiers.,find_indentifiers
I humbly ask that you search for the required identifiers.,find_indentifiers
It is imperative that you locate the identifiers immediately.,find_indentifiers
Please do your utmost to retrieve the identifiers.,find_indentifiers
I request that you find the necessary identifiers as a matter of urgency.,find_indentifiers
I implore you to locate the identifiers without delay.,find_indentifiers
I urge you to procure the required identifiers as quickly as possible.,find_indentifiers
Please locate the identifiers at your earliest convenience.,find_indentifiers
I earnestly request that you find the identifiers.,find_indentifiers
I beseech you to make every effort to locate the necessary identifiers.,find_indentifiers
Could you kindly find the required identifiers?,find_indentifiers
It is of utmost importance that you find the identifiers posthaste.,find_indentifiers
I request that you retrieve the necessary identifiers with great urgency.,find_indentifiers
I urge you to locate the identifiers without further delay.,find_indentifiers
Please make every effort to find the necessary identifiers.,find_indentifiers
I implore you to locate the required identifiers as soon as possible.,find_indentifiers
I humbly request that you find the identifiers in a timely manner.,find_indentifiers
It is imperative that you find the necessary identifiers with all due haste.,find_indentifiers
Could you kindly search for the required identifiers?,find_indentifiers
I urge you to retrieve the necessary identifiers with great urgency.,find_indentifiers
I implore you to locate the identifiers as quickly as possible.,find_indentifiers
Please make it your top priority to find the required identifiers.,find_indentifiers
I beseech you to find the identifiers as a matter of urgency.,find_indentifiers
I request that you locate the necessary identifiers with all possible speed.,find_indentifiers
It is of utmost importance that you retrieve the identifiers as soon as possible.,find_indentifiers
I urge you to locate the identifiers with utmost urgency.,find_indentifiers
Please make every effort to procure the necessary identifiers.,find_indentifiers
I implore you to find the identifiers without any further delay.,find_indentifiers
I humbly request that you find the required identifiers at the earliest.,find_indentifiers
It is imperative that you locate the necessary identifiers immediately.,find_indentifiers
Could you kindly retrieve the identifiers as soon as possible?,find_indentifiers
I urge you to make every effort to locate the required identifiers.,find_indentifiers
I request that you find the identifiers with utmost speed.,find_indentifiers
Please make it your mission to locate the necessary identifiers.,find_indentifiers
I beseech you to find the identifiers without any delay.,find_indentifiers
I implore you to retrieve the necessary identifiers at the earliest.,find_indentifiers
It is of utmost importance that you locate the identifiers urgently.,find_indentifiers
I request that you procure the required identifiers with great urgency.,find_indentifiers
I urge you to locate the necessary identifiers with all haste.,find_indentifiers
Please make every effort to retrieve the required identifiers.,find_indentifiers
I humbly request that you find the identifiers promptly.,find_indentifiers
I implore you to locate the necessary identifiers without any delay.,find_indentifiers
Could you kindly find the required identifiers as soon as possible?,find_indentifiers
It is imperative that you retrieve the necessary identifiers urgently.,find_indentifiers
I urge you to make it your top priority to locate the identifiers.,find_indentifiers
I beseech you to find the necessary identifiers with great urgency.,find_indentifiers
Please make every effort to locate the identifiers at the earliest.,find_indentifiers
I request that you locate the required identifiers without further delay.,find_indentifiers
I urge you to retrieve the necessary identifiers without delay.,find_indentifiers
It is of utmost importance that you find the identifiers posthaste.,find_indentifiers
Please make every effort to procure the required identifiers.,find_indentifiers
I implore you to locate the necessary identifiers at the earliest convenience.,find_indentifiers
I humbly request that you find the required identifiers without any delay.,find_indentifiers
Could you kindly retrieve the necessary identifiers as soon as possible?,find_indentifiers
I urge you to locate the identifiers with utmost urgency.,find_indentifiers
Please make it your mission to procure the required identifiers.,find_indentifiers
I beseech you to find the necessary identifiers without any further delay.,find_indentifiers
It is imperative that you locate the required identifiers promptly.,find_indentifiers
I request that you retrieve the identifiers with great urgency.,find_indentifiers
I urge you to find the necessary identifiers as quickly as possible.,find_indentifiers
Please make every effort to locate the required identifiers without delay.,find_indentifiers
I implore you to retrieve the necessary identifiers as soon as possible.,find_indentifiers
I humbly request that you find the necessary identifiers with all haste.,find_indentifiers
Could you kindly locate the required identifiers without any delay?,find_indentifiers
It is of utmost importance that you procure the necessary identifiers posthaste.,find_indentifiers
I urge you to locate the necessary identifiers without further ado.,find_indentifiers
Please make every effort to retrieve the required identifiers at the earliest.,find_indentifiers
I request that you find the necessary identifiers urgently.,find_indentifiers
Please locate the identifiers.,find_indentifiers
Could you search for the identifiers?,find_indentifiers
It would be great if you could retrieve the identifiers.,find_indentifiers
Can you find the IDs?,find_indentifiers
I need you to locate the identifiers.,find_indentifiers
Would you kindly look for the identifiers?,find_indentifiers
Could you please find the identifiers?,find_indentifiers
I request that you locate the identifiers.,find_indentifiers
Please search for the identifiers.,find_indentifiers
Can you search for the identifiers?,find_indentifiers
Would it be possible for you to retrieve the identifiers?,find_indentifiers
It is imperative that you locate the identifiers.,find_indentifiers
I need you to find the identifiers.,find_indentifiers
"Could you locate the identifiers, please?",find_indentifiers
Can you retrieve the identifiers?,find_indentifiers
Would it be possible for you to search for the identifiers?,find_indentifiers
I request that you find the identifiers.,find_indentifiers
Could you kindly retrieve the identifiers?,find_indentifiers
Please retrieve the identifiers.,find_indentifiers
It would be great if you could find the identifiers.,find_indentifiers
Can you please locate the identifiers?,find_indentifiers
Would you be able to retrieve the identifiers?,find_indentifiers
Could you search for the IDs?,find_indentifiers
I need you to retrieve the identifiers.,find_indentifiers
Please find the identifiers.,find_indentifiers
It is imperative that you find the identifiers.,find_indentifiers
Would it be possible for you to locate the identifiers?,find_indentifiers
I request that you search for the identifiers.,find_indentifiers
Can you please retrieve the identifiers?,find_indentifiers
Could you kindly look for the identifiers?,find_indentifiers
It would be great if you could search for the identifiers.,find_indentifiers
Please search for the IDs.,find_indentifiers
I need you to look for the identifiers.,find_indentifiers
Can you locate the identifiers?,find_indentifiers
Would it be possible for you to retrieve the IDs?,find_indentifiers
Could you please search for the identifiers?,find_indentifiers
I request that you retrieve the identifiers.,find_indentifiers
Please find the IDs.,find_indentifiers
It is imperative that you retrieve the identifiers.,find_indentifiers
Would you kindly retrieve the IDs?,find_indentifiers
Can you find the required identifiers?,find_indentifiers
Could you locate the required IDs?,find_indentifiers
It would be great if you could retrieve the necessary identifiers.,find_indentifiers
I need you to search for the required IDs.,find_indentifiers
Can you please find the required identifiers?,find_indentifiers
Would it be possible for you to locate the necessary IDs?,find_indentifiers
Could you kindly retrieve the required identifiers?,find_indentifiers
Please search for the required IDs.,find_indentifiers
It is imperative that you find the necessary identifiers.,find_indentifiers
I request that you look for the required IDs.,find_indentifiers
Please locate the required identifiers.,find_indentifiers
Can you retrieve the necessary IDs?,find_indentifiers
Would it be possible for you to search for the required identifiers?,find_indentifiers
Could you kindly find the necessary IDs?,find_indentifiers
It would be great if you could locate the required identifiers.,find_indentifiers
I need you to retrieve the necessary IDs.,find_indentifiers
Can you search for the necessary identifiers?,find_indentifiers
Would you kindly search for the required IDs?,find_indentifiers
Please find the necessary identifiers.,find_indentifiers
It is imperative that you retrieve the required IDs.,find_indentifiers
I request that you locate the necessary identifiers.,find_indentifiers
Please search for the required identifiers.,find_indentifiers
Can you locate the necessary IDs?,find_indentifiers
Would it be possible for you to retrieve the required identifiers?,find_indentifiers
Could you kindly find the necessary identifiers?,find_indentifiers
It would be great if you could search for the necessary IDs.,find_indentifiers
I need you to find the required identifiers.,find_indentifiers
Can you retrieve the required IDs?,find_indentifiers
Would you kindly locate the necessary identifiers?,find_indentifiers
Please search for the necessary identifiers.,find_indentifiers
It is imperative that you find the required IDs.,find_indentifiers
I request that you retrieve the necessary identifiers.,find_indentifiers
Please locate the necessary IDs.,find_indentifiers
Can you find the necessary identifiers?,find_indentifiers
Would it be possible for you to look for the required identifiers?,find_indentifiers
Could you kindly search for the necessary IDs?,find_indentifiers
It would be great if you could retrieve the required identifiers.,find_indentifiers
I need you to locate the required IDs.,find_indentifiers
Can you please search for the necessary identifiers?,find_indentifiers
Would you kindly retrieve the required IDs?,find_indentifiers
Please find the required IDs.,find_indentifiers
It is imperative that you search for the necessary identifiers.,find_indentifiers
I request that you find the necessary IDs.,find_indentifiers
Can you please locate the required identifiers?,find_indentifiers
Would it be possible for you to retrieve the necessary IDs?,find_indentifiers
Could you kindly search for the required identifiers?,find_indentifiers
It would be great if you could locate the necessary IDs.,find_indentifiers
I need you to retrieve the necessary identifiers.,find_indentifiers
Can you search for the required IDs?,find_indentifiers
Would you kindly find the necessary identifiers?,find_indentifiers
Please locate the required IDs.,find_indentifiers
It is imperative that you retrieve the necessary identifiers.,find_indentifiers
I request that you search for the necessary IDs.,find_indentifiers
Please find the necessary IDs.,find_indentifiers
Can you locate the required identifiers?,find_indentifiers
Would it be possible for you to search for the necessary IDs?,find_indentifiers
Could you kindly retrieve the necessary identifiers?,find_indentifiers
It would be great if you could find the required IDs.,find_indentifiers
I need you to search for the necessary identifiers.,
Can you please retrieve the required identifiers?,
Could you help me locate my identifiers?,find_indentifiers
"I seem to have misplaced my identifiers, could you assist me in finding them?",find_indentifiers
"I am searching for my identifiers, could you please guide me?",find_indentifiers
Might you be able to help me track down my identifiers?,find_indentifiers
"I'm looking for my identifiers, can you assist me in locating them?",find_indentifiers
Can you please help me find my identifiers?,find_indentifiers
"Excuse me, could you assist me in locating my identifiers?",find_indentifiers
"I seem to have lost my identifiers, could you help me locate them?",find_indentifiers
"I need your help finding my identifiers, could you assist me?",find_indentifiers
Would you be able to help me find my identifiers?,find_indentifiers
Can you assist me in locating my identifiers?,find_indentifiers
Can you please help me track down my identifiers?,find_indentifiers
"I'm having trouble locating my identifiers, could you assist me?",find_indentifiers
Could you please help me find my identifiers?,find_indentifiers
"I can't seem to find my identifiers, could you assist me?",find_indentifiers
"I need your help locating my identifiers, can you assist me?",find_indentifiers
Would you be able to assist me in finding my identifiers?,find_indentifiers
"Could you help me find my identifiers, please?",find_indentifiers
"Can you help me locate my identifiers, I seem to have misplaced them?",find_indentifiers
I require your assistance in locating my identifiers.,find_indentifiers
Could you please help me locate my identifiers?,find_indentifiers
"Excuse me, but I'm having trouble finding my identifiers, could you help me?",find_indentifiers
"Can you guide me in locating my identifiers, please?",find_indentifiers
I need your help to locate my identifiers.,find_indentifiers
"Can you please help me find my identifiers, I can't seem to locate them.",find_indentifiers
"I'm struggling to find my identifiers, could you help me?",find_indentifiers
"Can you assist me in locating my identifiers, please?",find_indentifiers
"I can't find my identifiers, could you please help me?",find_indentifiers
"Can you help me locate my identifiers, I can't seem to find them.",find_indentifiers
Might you be able to help me locate my identifiers?,find_indentifiers
I require your assistance in finding my identifiers.,find_indentifiers
Could you please guide me in locating my identifiers?,find_indentifiers
"Can you help me find my identifiers, I seem to have misplaced them?",find_indentifiers
I'm in need of your help to locate my identifiers.,find_indentifiers
"Can you assist me in finding my identifiers, please?",find_indentifiers
"I need help locating my identifiers, could you assist me?",find_indentifiers
Can you please help me track down my identifiers?,find_indentifiers
"I seem to have lost my identifiers, can you help me find them?",find_indentifiers
Would you be able to assist me in locating my identifiers?,find_indentifiers
"Could you please help me find my identifiers, I can't seem to locate them.",find_indentifiers
"I'm struggling to find my identifiers, could you assist me?",find_indentifiers
"Can you guide me in finding my identifiers, please?",find_indentifiers
I require your assistance in locating my identifiers.,find_indentifiers
"Can you help me locate my identifiers, I can't seem to find them anywhere?",find_indentifiers
Might you be able to help me find my identifiers?,find_indentifiers
"I need your help to find my identifiers, can you assist me?",find_indentifiers
"Can you please help me locate my identifiers, I'm having trouble finding them?",find_indentifiers
"I can't seem to locate my identifiers, could you help me find them?",find_indentifiers
"Could you guide me in finding my identifiers, please?",find_indentifiers
"Can you help me find my identifiers, I seem to have lost them?",find_indentifiers
"I require your assistance in finding my identifiers, could you please help me?",find_indentifiers
"Can you assist me in locating my identifiers, I can't find them?",find_indentifiers
"Excuse me, would you mind helping me find my identifiers?",find_indentifiers
"I'm in need of assistance in locating my identifiers, could you help me?",find_indentifiers
"Can you help me locate my identifiers, I've been searching for them?",find_indentifiers
"I seem to have misplaced my identifiers, could you assist me in finding them?",find_indentifiers
Would it be possible for you to help me find my identifiers?,find_indentifiers
"I require your help in locating my identifiers, could you please assist me?",find_indentifiers
"Can you please guide me in locating my identifiers, I'm having trouble finding them?",find_indentifiers
"I'm having difficulty finding my identifiers, could you help me locate them?",find_indentifiers
"Could you please assist me in finding my identifiers, I'm not sure where they are?",find_indentifiers
"Can you help me locate my identifiers, I can't seem to find them anywhere?",find_indentifiers
"I need your help to locate my identifiers, could you assist me?",find_indentifiers
"Can you guide me in finding my identifiers, I seem to have lost them?",find_indentifiers
"Excuse me, could you help me find my identifiers, please?",find_indentifiers
"Would you be able to assist me in locating my identifiers, I can't find them?",find_indentifiers
"I require your assistance in finding my identifiers, could you please help me locate them?",find_indentifiers
"I seem to have lost my identifiers, can you help me find them, please?",find_indentifiers
"Can you help me locate my identifiers, I'm having trouble finding them?",find_indentifiers
"Could you please guide me in locating my identifiers, I need your assistance?",find_indentifiers
"I'm not sure where my identifiers are, could you assist me in finding them?",find_indentifiers
"Would it be possible for you to help me locate my identifiers, please?",find_indentifiers
"Can you help me find my identifiers, I can't seem to find them anywhere?",find_indentifiers
"I require your help in locating my identifiers, could you assist me?",find_indentifiers
"Can you please guide me in finding my identifiers, I've been searching for them?",find_indentifiers
"I seem to have misplaced my identifiers, could you help me find them, please?",find_indentifiers
"I need your assistance in locating my identifiers, could you please assist me?",find_indentifiers
"Can you help me locate my identifiers, I'm having difficulty finding them?",find_indentifiers
"Would you be able to assist me in finding my identifiers, please?",find_indentifiers
"I'm having trouble finding my identifiers, could you help me locate them?",find_indentifiers
"Can you guide me in locating my identifiers, I seem to have lost them?",find_indentifiers
"Could you please help me find my identifiers, I can't seem to locate them?",find_indentifiers
"I require your assistance in locating my identifiers, can you help me?",find_indentifiers
"Can you help me find my identifiers, I seem to have misplaced them?",find_indentifiers
"I'm not sure where my identifiers are, could you please assist me in finding them?",find_indentifiers
"Can you please guide me in finding my identifiers, I'm having trouble locating them?",find_indentifiers
"Would it be possible for you to help me locate my identifiers, I need your assistance?",find_indentifiers
"I need your help in locating my identifiers, could you assist me?",find_indentifiers
"Can you help me find my identifiers, I can't seem to find them anywhere?",find_indentifiers
"I require your assistance in finding my identifiers, could you please help me locate them?",find_indentifiers
"Can you guide me in locating my identifiers, I seem to have lost them?",find_indentifiers
"I'm having difficulty finding my identifiers, could you please assist me?",find_indentifiers
"Could you help me locate my identifiers, I seem to have misplaced them?",find_indentifiers
"Would you be able to assist me in finding my identifiers, please?",find_indentifiers
"Can you please guide me in locating my identifiers, I'm having trouble finding them?",find_indentifiers
"I need assistance in locating my identifiers, can you help me?",find_indentifiers
"Can you help me find my identifiers, I'm not sure where they are?",find_indentifiers
"I seem to have lost my identifiers, could you assist me in locating them?",find_indentifiers
"Could you please help me find my identifiers, I'm having trouble locating them?",find_indentifiers
"Can you please guide me in locating my identifiers, I need your help to find them?",find_indentifiers
Can you help me locate my identifiers?,find_indentifiers
"I seem to have misplaced my identifiers, could you assist me in finding them?",find_indentifiers
Would you be able to find my identifiers for me?,find_indentifiers
"I can't seem to locate my identifiers, could you lend a hand?",find_indentifiers
"I'm in need of some assistance finding my identifiers, could you help me?",find_indentifiers
Might you be able to assist me in locating my identifiers?,find_indentifiers
Can you guide me in finding my identifiers?,find_indentifiers
"I'm looking for my identifiers, could you point me in the right direction?",find_indentifiers
Could you help me out with locating my identifiers?,find_indentifiers
"I'm trying to find my identifiers, would you be able to assist me?",find_indentifiers
Can you help me track down my identifiers?,find_indentifiers
Could you lend a hand in finding my identifiers?,find_indentifiers
"I'm having trouble locating my identifiers, could you assist me with this?",find_indentifiers
Would it be possible for you to help me locate my identifiers?,find_indentifiers
"I need to find my identifiers, could you give me a hand?",find_indentifiers
"Could you help me find my identifiers, please?",find_indentifiers
"I'm looking for my identifiers, can you assist me in finding them?",find_indentifiers
"Could you help me find my identifiers, if it's not too much trouble?",find_indentifiers
"I can't seem to locate my identifiers, would you be able to help me out?",find_indentifiers
"I'm in search of my identifiers, could you assist me in finding them?",find_indentifiers
"Would you be able to help me find my identifiers, please?",find_indentifiers
Could you assist me with locating my identifiers?,find_indentifiers
"I'm trying to find my identifiers, could you help me with this task?",find_indentifiers
"I need to find my identifiers, could you assist me in doing so?",find_indentifiers
"Can you help me find my identifiers, if you don't mind?",find_indentifiers
"I'm looking for my identifiers, could you assist me in locating them?",find_indentifiers
Might you be able to assist me in finding my identifiers?,find_indentifiers
"I need help locating my identifiers, could you give me a hand?",find_indentifiers
"Could you guide me in finding my identifiers, please?",find_indentifiers
"I can't seem to find my identifiers, could you assist me in locating them?",find_indentifiers
"Would you be able to assist me in finding my identifiers, please?",find_indentifiers
"I'm trying to locate my identifiers, could you help me with this?",find_indentifiers
"Can you help me find my identifiers, please?",find_indentifiers
Could you lend a hand in finding my identifiers?,find_indentifiers
"I'm having difficulty locating my identifiers, could you help me with this task?",find_indentifiers
"Could you give me a hand in finding my identifiers, please?",find_indentifiers
"I'm in need of assistance finding my identifiers, could you help me out?",find_indentifiers
Might you be able to guide me in finding my identifiers?,find_indentifiers
Would you be able to help me out in locating my identifiers?,find_indentifiers
"I need to find my identifiers, could you assist me with this?",find_indentifiers
"Can you help me locate my identifiers, if it's not too much trouble?",find_indentifiers
"Could you assist me in locating my identifiers, please?",find_indentifiers
"I'm having trouble finding my identifiers, could you help me with this?",find_indentifiers
"I'm looking for my identifiers, could you help me find them?",find_indentifiers
"Would you be able to assist me with finding my identifiers, please?",find_indentifiers
"I need assistance in locating my identifiers, could you lend a hand?",find_indentifiers
"Can you help me track down my identifiers, please?",find_indentifiers
"Could you assist me with locating my identifiers, if you have a moment?",find_indentifiers
"I'm trying to locate my identifiers, could you help me out?",find_indentifiers
"Can you help me locate my identifiers, if it's not too much trouble?",find_indentifiers
"Could you help me find my identifiers, if you have a spare moment?",find_indentifiers
"I'm searching for my identifiers, could you assist me in finding them?",find_indentifiers
"Would you be able to help me locate my identifiers, please?",find_indentifiers
"I seem to have lost my identifiers, could you assist me in finding them?",find_indentifiers
"Could you lend me a hand in finding my identifiers, please?",find_indentifiers
"Can you help me find my identifiers, if you don't mind?",find_indentifiers
"I'm trying to locate my identifiers, could you guide me in finding them?",find_indentifiers
"Might you be able to help me find my identifiers, if you're available?",find_indentifiers
"Could you give me some assistance in finding my identifiers, please?",find_indentifiers
"I'm having a bit of trouble locating my identifiers, could you help me out?",find_indentifiers
"Would you be able to assist me with finding my identifiers, please?",find_indentifiers
"Can you help me locate my identifiers, if it's not too much trouble for you?",find_indentifiers
"Could you guide me in finding my identifiers, if you have a moment?",find_indentifiers
"I'm looking for my identifiers, could you lend a hand?",find_indentifiers
"Would you be able to help me find my identifiers, when you have a chance?",find_indentifiers
"I need to locate my identifiers, could you assist me in doing so?",find_indentifiers
"Can you help me find my identifiers, at your convenience?",find_indentifiers
"Could you help me locate my identifiers, if you're available?",find_indentifiers
"I'm trying to find my identifiers, could you give me a hand?",find_indentifiers
"Would you be able to guide me in finding my identifiers, if you have some time?",find_indentifiers
"Could you assist me in locating my identifiers, if you're able to?",find_indentifiers
"I'm having difficulty finding my identifiers, could you help me with this task?",find_indentifiers
"Can you help me find my identifiers, when you have a moment?",find_indentifiers
Might you be able to assist me with locating my identifiers?,find_indentifiers
"Could you lend me a hand in finding my identifiers, when you have a chance?",find_indentifiers
"I'm searching for my identifiers, could you assist me in locating them?",find_indentifiers
"Would you be able to help me find my identifiers, if it's not too much trouble?",find_indentifiers
"Can you help me find my identifiers, if you have some time?",find_indentifiers
"Could you guide me in finding my identifiers, when you're free?",find_indentifiers
"I'm trying to locate my identifiers, could you give me a hand with this?",find_indentifiers
"Might you be able to help me locate my identifiers, at your convenience?",find_indentifiers
"Would you be able to assist me in finding my identifiers, when you have a spare moment?",find_indentifiers
"Can you help me locate my identifiers, when you're able to?",find_indentifiers
"I'm looking for my identifiers, could you assist me in doing so, please?",find_indentifiers
"Could you lend me a hand in finding my identifiers, if you don't mind?",find_indentifiers
"I need help finding my identifiers, could you guide me in doing so?",find_indentifiers
"Would you be able to help me find my identifiers, when you're available?",find_indentifiers
"Can you help me locate my identifiers, if it's not too much trouble for you?",find_indentifiers
"Could you assist me with finding my identifiers, please?",find_indentifiers
"I'm searching for my identifiers, could you give me a hand, please?",find_indentifiers
Might you be able to guide me in locating my identifiers?,find_indentifiers
"Would you be able to help me find my identifiers, at your convenience?",find_indentifiers
"Can you help me find my identifiers, when you're free?",find_indentifiers
"Could you assist me in locating my identifiers, if you're able to?",find_indentifiers
"I'm trying to locate my identifiers, could you please help me with this task?",find_indentifiers
Would it be possible for you to help me find my identifiers?,find_indentifiers
"Could you lend me a hand in locating my identifiers, if you have some time?",find_indentifiers
"I'm having trouble finding my identifiers, could you assist me, please?",find_indentifiers
"Might you be able to guide me in locating my identifiers, if you don't mind?",find_indentifiers
"Would you be able to help me find my identifiers, if you're available?",find_indentifiers
"Could you help me locate my identifiers, please?",find_indentifiers
I'm in need of finding my identifiers. Any help?,find_indentifiers
"Excuse me, I'm looking for my identifiers. Can you assist?",find_indentifiers
"Is it possible for you to help me find my identifiers, please?",find_indentifiers
I seem to have misplaced my identifiers. Can you help me find them?,find_indentifiers
Would you mind helping me locate my identifiers?,find_indentifiers
I require assistance in finding my identifiers. Could you help?,find_indentifiers
"Could you possibly assist me in locating my identifiers, please?",find_indentifiers
I'm having trouble finding my identifiers. Could you help me out?,find_indentifiers
"Can you help me find my identifiers, please?",find_indentifiers
I need to locate my identifiers. Can you help me out?,find_indentifiers
I'm unable to find my identifiers. Could you please assist me?,find_indentifiers
"Would you be able to help me find my identifiers, please?",find_indentifiers
My identifiers seem to have gone missing. Can you help me find them?,find_indentifiers
Can you please help me locate my identifiers?,find_indentifiers
I can't seem to find my identifiers. Could you help me out?,find_indentifiers
"Excuse me, could you help me locate my identifiers?",find_indentifiers
I'm looking for my identifiers. Can you help me find them?,find_indentifiers
Would it be possible for you to help me find my identifiers?,find_indentifiers
"Could you lend me a hand in finding my identifiers, please?",find_indentifiers
My identifiers appear to be misplaced. Can you help me locate them?,find_indentifiers
"Can you assist me in finding my identifiers, please?",find_indentifiers
I'm having a bit of trouble finding my identifiers. Could you help me out?,find_indentifiers
I'm in search of my identifiers. Can you help me locate them?,find_indentifiers
"Excuse me, I need help finding my identifiers. Can you assist?",find_indentifiers
"Could you possibly help me locate my identifiers, please?",find_indentifiers
I need to find my identifiers. Could you help me out?,find_indentifiers
Can you please assist me in locating my identifiers?,find_indentifiers
I'm having difficulty finding my identifiers. Could you help me out?,find_indentifiers
"Can you help me locate my identifiers, please?",find_indentifiers
I seem to have misplaced my identifiers. Can you help me find them?,find_indentifiers
"Would it be possible for you to help me find my identifiers, please?",find_indentifiers
"Could you lend me a hand in finding my identifiers, please?",find_indentifiers
I'm in need of finding my identifiers. Can you help me?,find_indentifiers
"Excuse me, I'm looking for my identifiers. Can you assist?",find_indentifiers
"Is it possible for you to help me find my identifiers, please?",find_indentifiers
I require assistance in finding my identifiers. Could you help?,find_indentifiers
I can't seem to locate my identifiers. Could you please assist me?,find_indentifiers
"Could you possibly assist me in finding my identifiers, please?",find_indentifiers
I'm unable to find my identifiers. Can you help me locate them?,find_indentifiers
"Can you help me find my identifiers, please?",find_indentifiers
I need to locate my identifiers. Can you help me out?,find_indentifiers
"Excuse me, could you help me locate my identifiers?",find_indentifiers
I'm looking for my identifiers. Can you help me find them?,find_indentifiers
Would you mind helping me locate my identifiers?,find_indentifiers
My identifiers seem to have gone missing. Can you help me find them?,find_indentifiers
Can you please help me find my identifiers?,find_indentifiers
"Could you help me out in finding my identifiers, please?",find_indentifiers
I'm having trouble finding my identifiers. Can you help me out?,find_indentifiers
I'm in search of my identifiers. Could you help me locate them?,find_indentifiers
"Excuse me, I need help finding my identifiers. Can you assist?",find_indentifiers
"Can you assist me in finding my identifiers, please?",find_indentifiers
I'm having a bit of trouble locating my identifiers. Could you help me out?,find_indentifiers
"Could you possibly help me find my identifiers, please?",find_indentifiers
I need to find my identifiers. Could you please assist me?,find_indentifiers
Can you please help me locate my identifiers?,find_indentifiers
My identifiers appear to be missing. Can you help me find them?,find_indentifiers
"Would you be able to assist me in finding my identifiers, please?",find_indentifiers
I require some assistance in finding my identifiers. Could you help?,find_indentifiers
Can you help me locate my identifiers? I seem to have lost them.,find_indentifiers
"Could you possibly help me locate my identifiers, please? I'm having trouble finding them.",find_indentifiers
"I'm trying to locate my identifiers. Can you help me out, please?",find_indentifiers
I need to find my identifiers urgently. Can you please assist me?,find_indentifiers
Can you help me locate my identifiers? I seem to have misplaced them.,find_indentifiers
I seem to have lost my identifiers. Could you please help me locate them?,find_indentifiers
I'm struggling to find my identifiers. Can you help me out?,find_indentifiers
Could you assist me in locating my identifiers? I can't seem to find them.,find_indentifiers
"My identifiers are missing. Can you help me locate them, please?",find_indentifiers
Can you help me find my identifiers? I'm not sure where they are.,find_indentifiers
"Would you mind helping me locate my identifiers, please? I need them urgently.",find_indentifiers
I can't find my identifiers. Can you please help me locate them?,find_indentifiers
"I need to locate my identifiers. Can you assist me, please?",find_indentifiers
"Excuse me, could you help me find my identifiers? I seem to have misplaced them.",find_indentifiers
I need to find my identifiers as soon as possible. Can you please help me?,find_indentifiers
"I seem to have lost my identifiers. Can you help me locate them, please?",find_indentifiers
Could you help me find my identifiers? I can't seem to find them.,find_indentifiers
"I require some assistance in locating my identifiers. Can you help me, please?",find_indentifiers
My identifiers are nowhere to be found. Could you assist me in finding them?,find_indentifiers
I can't seem to locate my identifiers. Can you please help me find them?,find_indentifiers
"Could you possibly help me locate my identifiers, please? I seem to have misplaced them.",find_indentifiers
"I need to find my identifiers urgently. Can you assist me, please?",find_indentifiers
Can you help me locate my identifiers? I can't seem to find them anywhere.,find_indentifiers
"Would you mind helping me find my identifiers, please? I seem to have lost them.",find_indentifiers
I'm having trouble finding my identifiers. Can you please help me out?,find_indentifiers
"Could you assist me in locating my identifiers, please? I'm in need of them.",find_indentifiers
"I seem to have misplaced my identifiers. Could you help me find them, please?",find_indentifiers
Can you help me locate my identifiers? I need them urgently.,find_indentifiers
"My identifiers appear to be missing. Can you help me locate them, please?",find_indentifiers
Would it be possible for you to help me find my identifiers? I can't seem to find them.,find_indentifiers
I need to find my identifiers quickly. Can you please assist me?,find_indentifiers
"Could you possibly help me locate my identifiers, please? I'm in need of them.",find_indentifiers
I can't seem to find my identifiers. Can you please help me locate them?,find_indentifiers
My identifiers are lost. Can you please help me find them?,find_indentifiers
"Can you assist me in locating my identifiers, please? I need them urgently.",find_indentifiers
"Would you mind helping me find my identifiers, please? I seem to have misplaced them.",find_indentifiers
"I'm struggling to locate my identifiers. Can you help me, please?",find_indentifiers
"I require some assistance in finding my identifiers. Could you help me, please?",find_indentifiers
Can you please help me locate my identifiers? I can't seem to find them.,find_indentifiers
My identifiers seem to be missing. Can you assist me in finding them?,find_indentifiers
"Could you help me find my identifiers, please? I'm having trouble locating them.",find_indentifiers
